ID,Age,Condition,Sex,Color,Slide,Object,Area,Perimeter,A/P,Red,Green,Blue,Red SD,Green SD,Blue SD,D/L
fig1,fig1,fig1,fig1,fig1,fig1,1,292309.5,16479.084594488144,17.738212236483722,186.94882728496876,187.20941052730305,189.33939063033853,56.063837070778845,55.93132518509645,54.32640362318997,0.9659153018958626
fig1,fig1,fig1,fig1,fig1,fig1,2,50696.0,5403.355496764183,9.382318085559882,154.35677552801866,158.99846291060211,164.83080630775945,64.44573803081774,63.40364575418224,59.47464038966403,1.6030922742541
fig1,fig1,fig1,fig1,fig1,fig1,3,37772.0,3969.1722453832626,9.516341862950002,183.2712325285896,185.9672426937738,187.90480304955528,59.564081459657515,58.888430848706854,57.09869904904453,0.995233749112666
fig1,fig1,fig1,fig1,fig1,fig1,4,324585.5,18773.299204945564,17.2897420137262,174.43419821327018,176.26157929102513,180.0985198848164,54.69442450878051,53.77702536669891,50.75631076606272,1.5665621524774496
fig1,fig1,fig1,fig1,fig1,fig1,5,278726.5,17737.435762286186,15.714024492347185,187.39606328310754,188.07242415579526,190.29840188538478,51.814900182453876,51.52679554551655,49.8278748183847,1.0843209777861746
fig1,fig1,fig1,fig1,fig1,fig1,6,71780.0,6091.2091418504715,11.784195605241306,149.97947356362118,153.1100314028869,158.29949997978355,54.858998415093765,54.017083655815206,52.08190161214748,3.523104120946111
fig1,fig1,fig1,fig1,fig1,fig1,7,32310.5,3619.52845788002,8.926715282389148,145.94371615423313,151.6294498860711,159.7438522770988,56.997791451487586,55.71160483038526,52.81517815915037,3.490764119601329
fig1,fig1,fig1,fig1,fig1,fig1,8,94813.5,9900.341485857964,9.576790874883995,178.84852376137513,180.09261880687563,183.06150657229526,55.73405957498955,55.83355315900325,54.213367073248776,1.3987387824399709
